<?xml version = "1.0" encoding = "utf-8"?>
<!DOCTYPE hibernate-configuration SYSTEM "http://www.hibernate.org/dtd/hibernate-configuration-3.0.dtd">

<hibernate-configuration>
	<session-factory>
		<property name="connection.driver_class">com.mysql.cj.jdbc.Driver</property>
		<property name="connection.url">jdbc:mysql://localhost:3306/bookstore?useSSL=false</property>
		<property name="connection.username">bookstore</property>
		<property name="connection.password">bookstore</property>
		<property name="dialect">org.hibernate.dialect.MySQL5InnoDBDialect</property>
		<property name="show_sql">true</property>
		<property name="hbm2ddl.auto">update</property>
		<mapping class="lt.bookstore.models.book.Book" />
		<mapping class="lt.bookstore.models.book.Publisher" />
	
	</session-factory>
</hibernate-configuration>